{"timestamps": [1616580594.286873, 1616580621.507095, 1616580700.951073, 1616580760.177008, 1616580822.805959], "initial_reset_timestamp": 1616580566.504756, "episode_types": ["t", "t", "t", "t", "t"], "episode_lengths": [80, 41, 80, 44, 31], "episode_rewards": [-25.0, -112.0, -41.0, -89.0, -146.0]}